,PassengerId,Survived,Sex,Age,Fare,Titulo_Master,Titulo_Miss,Titulo_Mr,Titulo_Mrs,Titulo_Nobre,Titulo_Oficial,Emb_C,Emb_Q,Emb_S,Classe_1,Classe_2,Classe_3,Tamanho_Familia,Sozinho
0,1,0,1,22.0,7.25,0,0,1,0,0,0,0,0,1,0,0,1,2,0
1,2,1,0,38.0,71.2833,0,0,0,1,0,0,1,0,0,1,0,0,2,0
2,3,1,0,26.0,7.925,0,1,0,0,0,0,0,0,1,0,0,1,1,1
3,4,1,0,35.0,53.1,0,0,0,1,0,0,0,0,1,1,0,0,2,0
4,5,0,1,35.0,8.05,0,0,1,0,0,0,0,0,1,0,0,1,1,1
5,6,0,1,28.0,8.4583,0,0,1,0,0,0,0,1,0,0,0,1,1,1
6,7,0,1,54.0,51.8625,0,0,1,0,0,0,0,0,1,1,0,0,1,1
7,8,0,1,2.0,21.075,1,0,0,0,0,0,0,0,1,0,0,1,5,0
8,9,1,0,27.0,11.1333,0,0,0,1,0,0,0,0,1,0,0,1,3,0
9,10,1,0,14.0,30.0708,0,0,0,1,0,0,1,0,0,0,1,0,2,0
10,11,1,0,4.0,16.7,0,1,0,0,0,0,0,0,1,0,0,1,3,0
11,12,1,0,58.0,26.55,0,1,0,0,0,0,0,0,1,1,0,0,1,1
12,13,0,1,20.0,8.05,0,0,1,0,0,0,0,0,1,0,0,1,1,1
13,14,0,1,39.0,31.275,0,0,1,0,0,0,0,0,1,0,0,1,7,0
14,15,0,0,14.0,7.8542,0,1,0,0,0,0,0,0,1,0,0,1,1,1
15,16,1,0,55.0,16.0,0,0,0,1,0,0,0,0,1,0,1,0,1,1
16,17,0,1,2.0,29.125,1,0,0,0,0,0,0,1,0,0,0,1,6,0
17,18,1,1,28.0,13.0,0,0,1,0,0,0,0,0,1,0,1,0,1,1
18,19,0,0,31.0,18.0,0,0,0,1,0,0,0,0,1,0,0,1,2,0
19,20,1,0,28.0,7.225,0,0,0,1,0,0,1,0,0,0,0,1,1,1
20,21,0,1,35.0,26.0,0,0,1,0,0,0,0,0,1,0,1,0,1,1
21,22,1,1,34.0,13.0,0,0,1,0,0,0,0,0,1,0,1,0,1,1
22,23,1,0,15.0,8.0292,0,1,0,0,0,0,0,1,0,0,0,1,1,1
23,24,1,1,28.0,35.5,0,0,1,0,0,0,0,0,1,1,0,0,1,1
24,25,0,0,8.0,21.075,0,1,0,0,0,0,0,0,1,0,0,1,5,0
25,26,1,0,38.0,31.3875,0,0,0,1,0,0,0,0,1,0,0,1,7,0
26,27,0,1,28.0,7.225,0,0,1,0,0,0,1,0,0,0,0,1,1,1
27,28,0,1,19.0,263.0,0,0,1,0,0,0,0,0,1,1,0,0,6,0
28,29,1,0,28.0,7.8792,0,1,0,0,0,0,0,1,0,0,0,1,1,1
29,30,0,1,28.0,7.8958,0,0,1,0,0,0,0,0,1,0,0,1,1,1
30,31,0,1,40.0,27.7208,0,0,0,0,1,0,1,0,0,1,0,0,1,1
31,32,1,0,28.0,146.5208,0,0,0,1,0,0,1,0,0,1,0,0,2,0
32,33,1,0,28.0,7.75,0,1,0,0,0,0,0,1,0,0,0,1,1,1
33,34,0,1,66.0,10.5,0,0,1,0,0,0,0,0,1,0,1,0,1,1
34,35,0,1,28.0,82.1708,0,0,1,0,0,0,1,0,0,1,0,0,2,0
35,36,0,1,42.0,52.0,0,0,1,0,0,0,0,0,1,1,0,0,2,0
36,37,1,1,28.0,7.2292,0,0,1,0,0,0,1,0,0,0,0,1,1,1
37,38,0,1,21.0,8.05,0,0,1,0,0,0,0,0,1,0,0,1,1,1
38,39,0,0,18.0,18.0,0,1,0,0,0,0,0,0,1,0,0,1,3,0
39,40,1,0,14.0,11.2417,0,1,0,0,0,0,1,0,0,0,0,1,2,0
40,41,0,0,40.0,9.475,0,0,0,1,0,0,0,0,1,0,0,1,2,0
41,42,0,0,27.0,21.0,0,0,0,1,0,0,0,0,1,0,1,0,2,0
42,43,0,1,28.0,7.8958,0,0,1,0,0,0,1,0,0,0,0,1,1,1
43,44,1,0,3.0,41.5792,0,1,0,0,0,0,1,0,0,0,1,0,4,0
44,45,1,0,19.0,7.8792,0,1,0,0,0,0,0,1,0,0,0,1,1,1
45,46,0,1,28.0,8.05,0,0,1,0,0,0,0,0,1,0,0,1,1,1
46,47,0,1,28.0,15.5,0,0,1,0,0,0,0,1,0,0,0,1,2,0
47,48,1,0,28.0,7.75,0,1,0,0,0,0,0,1,0,0,0,1,1,1
48,49,0,1,28.0,21.6792,0,0,1,0,0,0,1,0,0,0,0,1,3,0
49,50,0,0,18.0,17.8,0,0,0,1,0,0,0,0,1,0,0,1,2,0
50,51,0,1,7.0,39.6875,1,0,0,0,0,0,0,0,1,0,0,1,6,0
51,52,0,1,21.0,7.8,0,0,1,0,0,0,0,0,1,0,0,1,1,1
52,53,1,0,49.0,76.7292,0,0,0,1,0,0,1,0,0,1,0,0,2,0
53,54,1,0,29.0,26.0,0,0,0,1,0,0,0,0,1,0,1,0,2,0
54,55,0,1,65.0,61.9792,0,0,1,0,0,0,1,0,0,1,0,0,2,0
55,56,1,1,28.0,35.5,0,0,1,0,0,0,0,0,1,1,0,0,1,1
56,57,1,0,21.0,10.5,0,1,0,0,0,0,0,0,1,0,1,0,1,1
57,58,0,1,28.5,7.2292,0,0,1,0,0,0,1,0,0,0,0,1,1,1
58,59,1,0,5.0,27.75,0,1,0,0,0,0,0,0,1,0,1,0,4,0
59,60,0,1,11.0,46.9,1,0,0,0,0,0,0,0,1,0,0,1,8,0
60,61,0,1,22.0,7.2292,0,0,1,0,0,0,1,0,0,0,0,1,1,1
61,62,1,0,38.0,80.0,0,1,0,0,0,0,0,0,1,1,0,0,1,1
62,63,0,1,45.0,83.475,0,0,1,0,0,0,0,0,1,1,0,0,2,0
63,64,0,1,4.0,27.9,1,0,0,0,0,0,0,0,1,0,0,1,6,0
64,65,0,1,28.0,27.7208,0,0,1,0,0,0,1,0,0,1,0,0,1,1
65,66,1,1,28.0,15.2458,1,0,0,0,0,0,1,0,0,0,0,1,3,0
66,67,1,0,29.0,10.5,0,0,0,1,0,0,0,0,1,0,1,0,1,1
67,68,0,1,19.0,8.1583,0,0,1,0,0,0,0,0,1,0,0,1,1,1
68,69,1,0,17.0,7.925,0,1,0,0,0,0,0,0,1,0,0,1,7,0
69,70,0,1,26.0,8.6625,0,0,1,0,0,0,0,0,1,0,0,1,3,0
70,71,0,1,32.0,10.5,0,0,1,0,0,0,0,0,1,0,1,0,1,1
71,72,0,0,16.0,46.9,0,1,0,0,0,0,0,0,1,0,0,1,8,0
72,73,0,1,21.0,73.5,0,0,1,0,0,0,0,0,1,0,1,0,1,1
73,74,0,1,26.0,14.4542,0,0,1,0,0,0,1,0,0,0,0,1,2,0
74,75,1,1,32.0,56.4958,0,0,1,0,0,0,0,0,1,0,0,1,1,1
75,76,0,1,25.0,7.65,0,0,1,0,0,0,0,0,1,0,0,1,1,1
76,77,0,1,28.0,7.8958,0,0,1,0,0,0,0,0,1,0,0,1,1,1
77,78,0,1,28.0,8.05,0,0,1,0,0,0,0,0,1,0,0,1,1,1
78,79,1,1,0.83,29.0,1,0,0,0,0,0,0,0,1,0,1,0,3,0
79,80,1,0,30.0,12.475,0,1,0,0,0,0,0,0,1,0,0,1,1,1
80,81,0,1,22.0,9.0,0,0,1,0,0,0,0,0,1,0,0,1,1,1
81,82,1,1,29.0,9.5,0,0,1,0,0,0,0,0,1,0,0,1,1,1
82,83,1,0,28.0,7.7875,0,1,0,0,0,0,0,1,0,0,0,1,1,1
83,84,0,1,28.0,47.1,0,0,1,0,0,0,0,0,1,1,0,0,1,1
84,85,1,0,17.0,10.5,0,1,0,0,0,0,0,0,1,0,1,0,1,1
85,86,1,0,33.0,15.85,0,0,0,1,0,0,0,0,1,0,0,1,4,0
86,87,0,1,16.0,34.375,0,0,1,0,0,0,0,0,1,0,0,1,5,0
87,88,0,1,28.0,8.05,0,0,1,0,0,0,0,0,1,0,0,1,1,1
88,89,1,0,23.0,263.0,0,1,0,0,0,0,0,0,1,1,0,0,6,0
89,90,0,1,24.0,8.05,0,0,1,0,0,0,0,0,1,0,0,1,1,1
90,91,0,1,29.0,8.05,0,0,1,0,0,0,0,0,1,0,0,1,1,1
91,92,0,1,20.0,7.8542,0,0,1,0,0,0,0,0,1,0,0,1,1,1
92,93,0,1,46.0,61.175,0,0,1,0,0,0,0,0,1,1,0,0,2,0
93,94,0,1,26.0,20.575,0,0,1,0,0,0,0,0,1,0,0,1,4,0
94,95,0,1,59.0,7.25,0,0,1,0,0,0,0,0,1,0,0,1,1,1
95,96,0,1,28.0,8.05,0,0,1,0,0,0,0,0,1,0,0,1,1,1
96,97,0,1,71.0,34.6542,0,0,1,0,0,0,1,0,0,1,0,0,1,1
97,98,1,1,23.0,63.3583,0,0,1,0,0,0,1,0,0,1,0,0,2,0
98,99,1,0,34.0,23.0,0,0,0,1,0,0,0,0,1,0,1,0,2,0
99,100,0,1,34.0,26.0,0,0,1,0,0,0,0,0,1,0,1,0,2,0
100,101,0,0,28.0,7.8958,0,1,0,0,0,0,0,0,1,0,0,1,1,1
101,102,0,1,28.0,7.8958,0,0,1,0,0,0,0,0,1,0,0,1,1,1
102,103,0,1,21.0,77.2875,0,0,1,0,0,0,0,0,1,1,0,0,2,0
103,104,0,1,33.0,8.6542,0,0,1,0,0,0,0,0,1,0,0,1,1,1
104,105,0,1,37.0,7.925,0,0,1,0,0,0,0,0,1,0,0,1,3,0
105,106,0,1,28.0,7.8958,0,0,1,0,0,0,0,0,1,0,0,1,1,1
106,107,1,0,21.0,7.65,0,1,0,0,0,0,0,0,1,0,0,1,1,1
107,108,1,1,28.0,7.775,0,0,1,0,0,0,0,0,1,0,0,1,1,1
108,109,0,1,38.0,7.8958,0,0,1,0,0,0,0,0,1,0,0,1,1,1
109,110,1,0,28.0,24.15,0,1,0,0,0,0,0,1,0,0,0,1,2,0
110,111,0,1,47.0,52.0,0,0,1,0,0,0,0,0,1,1,0,0,1,1
111,112,0,0,14.5,14.4542,0,1,0,0,0,0,1,0,0,0,0,1,2,0
112,113,0,1,22.0,8.05,0,0,1,0,0,0,0,0,1,0,0,1,1,1
113,114,0,0,20.0,9.825,0,1,0,0,0,0,0,0,1,0,0,1,2,0
114,115,0,0,17.0,14.4583,0,1,0,0,0,0,1,0,0,0,0,1,1,1
115,116,0,1,21.0,7.925,0,0,1,0,0,0,0,0,1,0,0,1,1,1
116,117,0,1,70.5,7.75,0,0,1,0,0,0,0,1,0,0,0,1,1,1
117,118,0,1,29.0,21.0,0,0,1,0,0,0,0,0,1,0,1,0,2,0
118,119,0,1,24.0,247.5208,0,0,1,0,0,0,1,0,0,1,0,0,2,0
119,120,0,0,2.0,31.275,0,1,0,0,0,0,0,0,1,0,0,1,7,0
120,121,0,1,21.0,73.5,0,0,1,0,0,0,0,0,1,0,1,0,3,0
121,122,0,1,28.0,8.05,0,0,1,0,0,0,0,0,1,0,0,1,1,1
122,123,0,1,32.5,30.0708,0,0,1,0,0,0,1,0,0,0,1,0,2,0
123,124,1,0,32.5,13.0,0,1,0,0,0,0,0,0,1,0,1,0,1,1
124,125,0,1,54.0,77.2875,0,0,1,0,0,0,0,0,1,1,0,0,2,0
125,126,1,1,12.0,11.2417,1,0,0,0,0,0,1,0,0,0,0,1,2,0
126,127,0,1,28.0,7.75,0,0,1,0,0,0,0,1,0,0,0,1,1,1
127,128,1,1,24.0,7.1417,0,0,1,0,0,0,0,0,1,0,0,1,1,1
128,129,1,0,28.0,22.3583,0,1,0,0,0,0,1,0,0,0,0,1,3,0
129,130,0,1,45.0,6.975,0,0,1,0,0,0,0,0,1,0,0,1,1,1
130,131,0,1,33.0,7.8958,0,0,1,0,0,0,1,0,0,0,0,1,1,1
131,132,0,1,20.0,7.05,0,0,1,0,0,0,0,0,1,0,0,1,1,1
132,133,0,0,47.0,14.5,0,0,0,1,0,0,0,0,1,0,0,1,2,0
133,134,1,0,29.0,26.0,0,0,0,1,0,0,0,0,1,0,1,0,2,0
134,135,0,1,25.0,13.0,0,0,1,0,0,0,0,0,1,0,1,0,1,1
135,136,0,1,23.0,15.0458,0,0,1,0,0,0,1,0,0,0,1,0,1,1
136,137,1,0,19.0,26.2833,0,1,0,0,0,0,0,0,1,1,0,0,3,0
137,138,0,1,37.0,53.1,0,0,1,0,0,0,0,0,1,1,0,0,2,0
138,139,0,1,16.0,9.2167,0,0,1,0,0,0,0,0,1,0,0,1,1,1
139,140,0,1,24.0,79.2,0,0,1,0,0,0,1,0,0,1,0,0,1,1
140,141,0,0,28.0,15.2458,0,0,0,1,0,0,1,0,0,0,0,1,3,0
141,142,1,0,22.0,7.75,0,1,0,0,0,0,0,0,1,0,0,1,1,1
142,143,1,0,24.0,15.85,0,0,0,1,0,0,0,0,1,0,0,1,2,0
143,144,0,1,19.0,6.75,0,0,1,0,0,0,0,1,0,0,0,1,1,1
144,145,0,1,18.0,11.5,0,0,1,0,0,0,0,0,1,0,1,0,1,1
145,146,0,1,19.0,36.75,0,0,1,0,0,0,0,0,1,0,1,0,3,0
146,147,1,1,27.0,7.7958,0,0,1,0,0,0,0,0,1,0,0,1,1,1
147,148,0,0,9.0,34.375,0,1,0,0,0,0,0,0,1,0,0,1,5,0
148,149,0,1,36.5,26.0,0,0,1,0,0,0,0,0,1,0,1,0,3,0
149,150,0,1,42.0,13.0,0,0,0,0,0,1,0,0,1,0,1,0,1,1
150,151,0,1,51.0,12.525,0,0,0,0,0,1,0,0,1,0,1,0,1,1
151,152,1,0,22.0,66.6,0,0,0,1,0,0,0,0,1,1,0,0,2,0
152,153,0,1,55.5,8.05,0,0,1,0,0,0,0,0,1,0,0,1,1,1
153,154,0,1,40.5,14.5,0,0,1,0,0,0,0,0,1,0,0,1,3,0
154,155,0,1,28.0,7.3125,0,0,1,0,0,0,0,0,1,0,0,1,1,1
155,156,0,1,51.0,61.3792,0,0,1,0,0,0,1,0,0,1,0,0,2,0
156,157,1,0,16.0,7.7333,0,1,0,0,0,0,0,1,0,0,0,1,1,1
157,158,0,1,30.0,8.05,0,0,1,0,0,0,0,0,1,0,0,1,1,1
158,159,0,1,28.0,8.6625,0,0,1,0,0,0,0,0,1,0,0,1,1,1
159,160,0,1,28.0,69.55,1,0,0,0,0,0,0,0,1,0,0,1,11,0
160,161,0,1,44.0,16.1,0,0,1,0,0,0,0,0,1,0,0,1,2,0
161,162,1,0,40.0,15.75,0,0,0,1,0,0,0,0,1,0,1,0,1,1
162,163,0,1,26.0,7.775,0,0,1,0,0,0,0,0,1,0,0,1,1,1
163,164,0,1,17.0,8.6625,0,0,1,0,0,0,0,0,1,0,0,1,1,1
164,165,0,1,1.0,39.6875,1,0,0,0,0,0,0,0,1,0,0,1,6,0
165,166,1,1,9.0,20.525,1,0,0,0,0,0,0,0,1,0,0,1,3,0
166,167,1,0,28.0,55.0,0,0,0,1,0,0,0,0,1,1,0,0,2,0
167,168,0,0,45.0,27.9,0,0,0,1,0,0,0,0,1,0,0,1,6,0
168,169,0,1,28.0,25.925,0,0,1,0,0,0,0,0,1,1,0,0,1,1
169,170,0,1,28.0,56.4958,0,0,1,0,0,0,0,0,1,0,0,1,1,1
170,171,0,1,61.0,33.5,0,0,1,0,0,0,0,0,1,1,0,0,1,1
171,172,0,1,4.0,29.125,1,0,0,0,0,0,0,1,0,0,0,1,6,0
172,173,1,0,1.0,11.1333,0,1,0,0,0,0,0,0,1,0,0,1,3,0
173,174,0,1,21.0,7.925,0,0,1,0,0,0,0,0,1,0,0,1,1,1
174,175,0,1,56.0,30.6958,0,0,1,0,0,0,1,0,0,1,0,0,1,1
175,176,0,1,18.0,7.8542,0,0,1,0,0,0,0,0,1,0,0,1,3,0
176,177,0,1,28.0,25.4667,1,0,0,0,0,0,0,0,1,0,0,1,5,0
177,178,0,0,50.0,28.7125,0,1,0,0,0,0,1,0,0,1,0,0,1,1
178,179,0,1,30.0,13.0,0,0,1,0,0,0,0,0,1,0,1,0,1,1
179,180,0,1,36.0,0.0,0,0,1,0,0,0,0,0,1,0,0,1,1,1
180,181,0,0,28.0,69.55,0,1,0,0,0,0,0,0,1,0,0,1,11,0
181,182,0,1,28.0,15.05,0,0,1,0,0,0,1,0,0,0,1,0,1,1
182,183,0,1,9.0,31.3875,1,0,0,0,0,0,0,0,1,0,0,1,7,0
183,184,1,1,1.0,39.0,1,0,0,0,0,0,0,0,1,0,1,0,4,0
184,185,1,0,4.0,22.025,0,1,0,0,0,0,0,0,1,0,0,1,3,0
185,186,0,1,28.0,50.0,0,0,1,0,0,0,0,0,1,1,0,0,1,1
186,187,1,0,28.0,15.5,0,0,0,1,0,0,0,1,0,0,0,1,2,0
187,188,1,1,45.0,26.55,0,0,1,0,0,0,0,0,1,1,0,0,1,1
188,189,0,1,40.0,15.5,0,0,1,0,0,0,0,1,0,0,0,1,3,0
189,190,0,1,36.0,7.8958,0,0,1,0,0,0,0,0,1,0,0,1,1,1
190,191,1,0,32.0,13.0,0,0,0,1,0,0,0,0,1,0,1,0,1,1
191,192,0,1,19.0,13.0,0,0,1,0,0,0,0,0,1,0,1,0,1,1
192,193,1,0,19.0,7.8542,0,1,0,0,0,0,0,0,1,0,0,1,2,0
193,194,1,1,3.0,26.0,1,0,0,0,0,0,0,0,1,0,1,0,3,0
194,195,1,0,44.0,27.7208,0,0,0,1,0,0,1,0,0,1,0,0,1,1
195,196,1,0,58.0,146.5208,0,1,0,0,0,0,1,0,0,1,0,0,1,1
196,197,0,1,28.0,7.75,0,0,1,0,0,0,0,1,0,0,0,1,1,1
197,198,0,1,42.0,8.4042,0,0,1,0,0,0,0,0,1,0,0,1,2,0
198,199,1,0,28.0,7.75,0,1,0,0,0,0,0,1,0,0,0,1,1,1
199,200,0,0,24.0,13.0,0,1,0,0,0,0,0,0,1,0,1,0,1,1
200,201,0,1,28.0,9.5,0,0,1,0,0,0,0,0,1,0,0,1,1,1
201,202,0,1,28.0,69.55,0,0,1,0,0,0,0,0,1,0,0,1,11,0
202,203,0,1,34.0,6.4958,0,0,1,0,0,0,0,0,1,0,0,1,1,1
203,204,0,1,45.5,7.225,0,0,1,0,0,0,1,0,0,0,0,1,1,1
204,205,1,1,18.0,8.05,0,0,1,0,0,0,0,0,1,0,0,1,1,1
205,206,0,0,2.0,10.4625,0,1,0,0,0,0,0,0,1,0,0,1,2,0
206,207,0,1,32.0,15.85,0,0,1,0,0,0,0,0,1,0,0,1,2,0
207,208,1,1,26.0,18.7875,0,0,1,0,0,0,1,0,0,0,0,1,1,1
208,209,1,0,16.0,7.75,0,1,0,0,0,0,0,1,0,0,0,1,1,1
209,210,1,1,40.0,31.0,0,0,1,0,0,0,1,0,0,1,0,0,1,1
210,211,0,1,24.0,7.05,0,0,1,0,0,0,0,0,1,0,0,1,1,1
211,212,1,0,35.0,21.0,0,1,0,0,0,0,0,0,1,0,1,0,1,1
212,213,0,1,22.0,7.25,0,0,1,0,0,0,0,0,1,0,0,1,1,1
213,214,0,1,30.0,13.0,0,0,1,0,0,0,0,0,1,0,1,0,1,1
214,215,0,1,28.0,7.75,0,0,1,0,0,0,0,1,0,0,0,1,2,0
215,216,1,0,31.0,113.275,0,1,0,0,0,0,1,0,0,1,0,0,2,0
216,217,1,0,27.0,7.925,0,1,0,0,0,0,0,0,1,0,0,1,1,1
217,218,0,1,42.0,27.0,0,0,1,0,0,0,0,0,1,0,1,0,2,0
218,219,1,0,32.0,76.2917,0,1,0,0,0,0,1,0,0,1,0,0,1,1
219,220,0,1,30.0,10.5,0,0,1,0,0,0,0,0,1,0,1,0,1,1
220,221,1,1,16.0,8.05,0,0,1,0,0,0,0,0,1,0,0,1,1,1
221,222,0,1,27.0,13.0,0,0,1,0,0,0,0,0,1,0,1,0,1,1
222,223,0,1,51.0,8.05,0,0,1,0,0,0,0,0,1,0,0,1,1,1
223,224,0,1,28.0,7.8958,0,0,1,0,0,0,0,0,1,0,0,1,1,1
224,225,1,1,38.0,90.0,0,0,1,0,0,0,0,0,1,1,0,0,2,0
225,226,0,1,22.0,9.35,0,0,1,0,0,0,0,0,1,0,0,1,1,1
226,227,1,1,19.0,10.5,0,0,1,0,0,0,0,0,1,0,1,0,1,1
227,228,0,1,20.5,7.25,0,0,1,0,0,0,0,0,1,0,0,1,1,1
228,229,0,1,18.0,13.0,0,0,1,0,0,0,0,0,1,0,1,0,1,1
229,230,0,0,28.0,25.4667,0,1,0,0,0,0,0,0,1,0,0,1,5,0
230,231,1,0,35.0,83.475,0,0,0,1,0,0,0,0,1,1,0,0,2,0
231,232,0,1,29.0,7.775,0,0,1,0,0,0,0,0,1,0,0,1,1,1
232,233,0,1,59.0,13.5,0,0,1,0,0,0,0,0,1,0,1,0,1,1
233,234,1,0,5.0,31.3875,0,1,0,0,0,0,0,0,1,0,0,1,7,0
234,235,0,1,24.0,10.5,0,0,1,0,0,0,0,0,1,0,1,0,1,1
235,236,0,0,28.0,7.55,0,1,0,0,0,0,0,0,1,0,0,1,1,1
236,237,0,1,44.0,26.0,0,0,1,0,0,0,0,0,1,0,1,0,2,0
237,238,1,0,8.0,26.25,0,1,0,0,0,0,0,0,1,0,1,0,3,0
238,239,0,1,19.0,10.5,0,0,1,0,0,0,0,0,1,0,1,0,1,1
239,240,0,1,33.0,12.275,0,0,1,0,0,0,0,0,1,0,1,0,1,1
240,241,0,0,28.0,14.4542,0,1,0,0,0,0,1,0,0,0,0,1,2,0
241,242,1,0,28.0,15.5,0,1,0,0,0,0,0,1,0,0,0,1,2,0
242,243,0,1,29.0,10.5,0,0,1,0,0,0,0,0,1,0,1,0,1,1
243,244,0,1,22.0,7.125,0,0,1,0,0,0,0,0,1,0,0,1,1,1
244,245,0,1,30.0,7.225,0,0,1,0,0,0,1,0,0,0,0,1,1,1
245,246,0,1,44.0,90.0,0,0,0,0,0,1,0,1,0,1,0,0,3,0
246,247,0,0,25.0,7.775,0,1,0,0,0,0,0,0,1,0,0,1,1,1
247,248,1,0,24.0,14.5,0,0,0,1,0,0,0,0,1,0,1,0,3,0
248,249,1,1,37.0,52.5542,0,0,1,0,0,0,0,0,1,1,0,0,3,0
249,250,0,1,54.0,26.0,0,0,0,0,0,1,0,0,1,0,1,0,2,0
250,251,0,1,28.0,7.25,0,0,1,0,0,0,0,0,1,0,0,1,1,1
251,252,0,0,29.0,10.4625,0,0,0,1,0,0,0,0,1,0,0,1,3,0
252,253,0,1,62.0,26.55,0,0,1,0,0,0,0,0,1,1,0,0,1,1
253,254,0,1,30.0,16.1,0,0,1,0,0,0,0,0,1,0,0,1,2,0
254,255,0,0,41.0,20.2125,0,0,0,1,0,0,0,0,1,0,0,1,3,0
255,256,1,0,29.0,15.2458,0,0,0,1,0,0,1,0,0,0,0,1,3,0
256,257,1,0,28.0,79.2,0,0,0,1,0,0,1,0,0,1,0,0,1,1
257,258,1,0,30.0,86.5,0,1,0,0,0,0,0,0,1,1,0,0,1,1
258,259,1,0,35.0,512.3292,0,1,0,0,0,0,1,0,0,1,0,0,1,1
259,260,1,0,50.0,26.0,0,0,0,1,0,0,0,0,1,0,1,0,2,0
260,261,0,1,28.0,7.75,0,0,1,0,0,0,0,1,0,0,0,1,1,1
261,262,1,1,3.0,31.3875,1,0,0,0,0,0,0,0,1,0,0,1,7,0
262,263,0,1,52.0,79.65,0,0,1,0,0,0,0,0,1,1,0,0,3,0
263,264,0,1,40.0,0.0,0,0,1,0,0,0,0,0,1,1,0,0,1,1
264,265,0,0,28.0,7.75,0,1,0,0,0,0,0,1,0,0,0,1,1,1
265,266,0,1,36.0,10.5,0,0,1,0,0,0,0,0,1,0,1,0,1,1
266,267,0,1,16.0,39.6875,0,0,1,0,0,0,0,0,1,0,0,1,6,0
267,268,1,1,25.0,7.775,0,0,1,0,0,0,0,0,1,0,0,1,2,0
268,269,1,0,58.0,153.4625,0,0,0,1,0,0,0,0,1,1,0,0,2,0
269,270,1,0,35.0,135.6333,0,1,0,0,0,0,0,0,1,1,0,0,1,1
270,271,0,1,28.0,31.0,0,0,1,0,0,0,0,0,1,1,0,0,1,1
271,272,1,1,25.0,0.0,0,0,1,0,0,0,0,0,1,0,0,1,1,1
272,273,1,0,41.0,19.5,0,0,0,1,0,0,0,0,1,0,1,0,2,0
273,274,0,1,37.0,29.7,0,0,1,0,0,0,1,0,0,1,0,0,2,0
274,275,1,0,28.0,7.75,0,1,0,0,0,0,0,1,0,0,0,1,1,1
275,276,1,0,63.0,77.9583,0,1,0,0,0,0,0,0,1,1,0,0,2,0
276,277,0,0,45.0,7.75,0,1,0,0,0,0,0,0,1,0,0,1,1,1
277,278,0,1,28.0,0.0,0,0,1,0,0,0,0,0,1,0,1,0,1,1
278,279,0,1,7.0,29.125,1,0,0,0,0,0,0,1,0,0,0,1,6,0
279,280,1,0,35.0,20.25,0,0,0,1,0,0,0,0,1,0,0,1,3,0
280,281,0,1,65.0,7.75,0,0,1,0,0,0,0,1,0,0,0,1,1,1
281,282,0,1,28.0,7.8542,0,0,1,0,0,0,0,0,1,0,0,1,1,1
282,283,0,1,16.0,9.5,0,0,1,0,0,0,0,0,1,0,0,1,1,1
283,284,1,1,19.0,8.05,0,0,1,0,0,0,0,0,1,0,0,1,1,1
284,285,0,1,28.0,26.0,0,0,1,0,0,0,0,0,1,1,0,0,1,1
285,286,0,1,33.0,8.6625,0,0,1,0,0,0,1,0,0,0,0,1,1,1
286,287,1,1,30.0,9.5,0,0,1,0,0,0,0,0,1,0,0,1,1,1
287,288,0,1,22.0,7.8958,0,0,1,0,0,0,0,0,1,0,0,1,1,1
288,289,1,1,42.0,13.0,0,0,1,0,0,0,0,0,1,0,1,0,1,1
289,290,1,0,22.0,7.75,0,1,0,0,0,0,0,1,0,0,0,1,1,1
290,291,1,0,26.0,78.85,0,1,0,0,0,0,0,0,1,1,0,0,1,1
291,292,1,0,19.0,91.0792,0,0,0,1,0,0,1,0,0,1,0,0,2,0
292,293,0,1,36.0,12.875,0,0,1,0,0,0,1,0,0,0,1,0,1,1
293,294,0,0,24.0,8.85,0,1,0,0,0,0,0,0,1,0,0,1,1,1
294,295,0,1,24.0,7.8958,0,0,1,0,0,0,0,0,1,0,0,1,1,1
295,296,0,1,28.0,27.7208,0,0,1,0,0,0,1,0,0,1,0,0,1,1
296,297,0,1,23.5,7.2292,0,0,1,0,0,0,1,0,0,0,0,1,1,1
297,298,0,0,2.0,151.55,0,1,0,0,0,0,0,0,1,1,0,0,4,0
298,299,1,1,28.0,30.5,0,0,1,0,0,0,0,0,1,1,0,0,1,1
299,300,1,0,50.0,247.5208,0,0,0,1,0,0,1,0,0,1,0,0,2,0
300,301,1,0,28.0,7.75,0,1,0,0,0,0,0,1,0,0,0,1,1,1
301,302,1,1,28.0,23.25,0,0,1,0,0,0,0,1,0,0,0,1,3,0
302,303,0,1,19.0,0.0,0,0,1,0,0,0,0,0,1,0,0,1,1,1
303,304,1,0,28.0,12.35,0,1,0,0,0,0,0,1,0,0,1,0,1,1
304,305,0,1,28.0,8.05,0,0,1,0,0,0,0,0,1,0,0,1,1,1
305,306,1,1,0.92,151.55,1,0,0,0,0,0,0,0,1,1,0,0,4,0
306,307,1,0,28.0,110.8833,0,1,0,0,0,0,1,0,0,1,0,0,1,1
307,308,1,0,17.0,108.9,0,0,0,1,0,0,1,0,0,1,0,0,2,0
308,309,0,1,30.0,24.0,0,0,1,0,0,0,1,0,0,0,1,0,2,0
309,310,1,0,30.0,56.9292,0,1,0,0,0,0,1,0,0,1,0,0,1,1
310,311,1,0,24.0,83.1583,0,1,0,0,0,0,1,0,0,1,0,0,1,1
311,312,1,0,18.0,262.375,0,1,0,0,0,0,1,0,0,1,0,0,5,0
312,313,0,0,26.0,26.0,0,0,0,1,0,0,0,0,1,0,1,0,3,0
313,314,0,1,28.0,7.8958,0,0,1,0,0,0,0,0,1,0,0,1,1,1
314,315,0,1,43.0,26.25,0,0,1,0,0,0,0,0,1,0,1,0,3,0
315,316,1,0,26.0,7.8542,0,1,0,0,0,0,0,0,1,0,0,1,1,1
316,317,1,0,24.0,26.0,0,0,0,1,0,0,0,0,1,0,1,0,2,0
317,318,0,1,54.0,14.0,0,0,0,0,0,1,0,0,1,0,1,0,1,1
318,319,1,0,31.0,164.8667,0,1,0,0,0,0,0,0,1,1,0,0,3,0
319,320,1,0,40.0,134.5,0,0,0,1,0,0,1,0,0,1,0,0,3,0
320,321,0,1,22.0,7.25,0,0,1,0,0,0,0,0,1,0,0,1,1,1
321,322,0,1,27.0,7.8958,0,0,1,0,0,0,0,0,1,0,0,1,1,1
322,323,1,0,30.0,12.35,0,1,0,0,0,0,0,1,0,0,1,0,1,1
323,324,1,0,22.0,29.0,0,0,0,1,0,0,0,0,1,0,1,0,3,0
324,325,0,1,28.0,69.55,0,0,1,0,0,0,0,0,1,0,0,1,11,0
325,326,1,0,36.0,135.6333,0,1,0,0,0,0,1,0,0,1,0,0,1,1
326,327,0,1,61.0,6.2375,0,0,1,0,0,0,0,0,1,0,0,1,1,1
327,328,1,0,36.0,13.0,0,0,0,1,0,0,0,0,1,0,1,0,1,1
328,329,1,0,31.0,20.525,0,0,0,1,0,0,0,0,1,0,0,1,3,0
329,330,1,0,16.0,57.9792,0,1,0,0,0,0,1,0,0,1,0,0,2,0
330,331,1,0,28.0,23.25,0,1,0,0,0,0,0,1,0,0,0,1,3,0
331,332,0,1,45.5,28.5,0,0,1,0,0,0,0,0,1,1,0,0,1,1
332,333,0,1,38.0,153.4625,0,0,1,0,0,0,0,0,1,1,0,0,2,0
333,334,0,1,16.0,18.0,0,0,1,0,0,0,0,0,1,0,0,1,3,0
334,335,1,0,28.0,133.65,0,0,0,1,0,0,0,0,1,1,0,0,2,0
335,336,0,1,28.0,7.8958,0,0,1,0,0,0,0,0,1,0,0,1,1,1
336,337,0,1,29.0,66.6,0,0,1,0,0,0,0,0,1,1,0,0,2,0
337,338,1,0,41.0,134.5,0,1,0,0,0,0,1,0,0,1,0,0,1,1
338,339,1,1,45.0,8.05,0,0,1,0,0,0,0,0,1,0,0,1,1,1
339,340,0,1,45.0,35.5,0,0,1,0,0,0,0,0,1,1,0,0,1,1
340,341,1,1,2.0,26.0,1,0,0,0,0,0,0,0,1,0,1,0,3,0
341,342,1,0,24.0,263.0,0,1,0,0,0,0,0,0,1,1,0,0,6,0
342,343,0,1,28.0,13.0,0,0,1,0,0,0,0,0,1,0,1,0,1,1
343,344,0,1,25.0,13.0,0,0,1,0,0,0,0,0,1,0,1,0,1,1
344,345,0,1,36.0,13.0,0,0,1,0,0,0,0,0,1,0,1,0,1,1
345,346,1,0,24.0,13.0,0,1,0,0,0,0,0,0,1,0,1,0,1,1
346,347,1,0,40.0,13.0,0,1,0,0,0,0,0,0,1,0,1,0,1,1
347,348,1,0,28.0,16.1,0,0,0,1,0,0,0,0,1,0,0,1,2,0
348,349,1,1,3.0,15.9,1,0,0,0,0,0,0,0,1,0,0,1,3,0
349,350,0,1,42.0,8.6625,0,0,1,0,0,0,0,0,1,0,0,1,1,1
350,351,0,1,23.0,9.225,0,0,1,0,0,0,0,0,1,0,0,1,1,1
351,352,0,1,28.0,35.0,0,0,1,0,0,0,0,0,1,1,0,0,1,1
352,353,0,1,15.0,7.2292,0,0,1,0,0,0,1,0,0,0,0,1,3,0
353,354,0,1,25.0,17.8,0,0,1,0,0,0,0,0,1,0,0,1,2,0
354,355,0,1,28.0,7.225,0,0,1,0,0,0,1,0,0,0,0,1,1,1
355,356,0,1,28.0,9.5,0,0,1,0,0,0,0,0,1,0,0,1,1,1
356,357,1,0,22.0,55.0,0,1,0,0,0,0,0,0,1,1,0,0,2,0
357,358,0,0,38.0,13.0,0,1,0,0,0,0,0,0,1,0,1,0,1,1
358,359,1,0,28.0,7.8792,0,1,0,0,0,0,0,1,0,0,0,1,1,1
359,360,1,0,28.0,7.8792,0,1,0,0,0,0,0,1,0,0,0,1,1,1
360,361,0,1,40.0,27.9,0,0,1,0,0,0,0,0,1,0,0,1,6,0
361,362,0,1,29.0,27.7208,0,0,1,0,0,0,1,0,0,0,1,0,2,0
362,363,0,0,45.0,14.4542,0,0,0,1,0,0,1,0,0,0,0,1,2,0
363,364,0,1,35.0,7.05,0,0,1,0,0,0,0,0,1,0,0,1,1,1
364,365,0,1,28.0,15.5,0,0,1,0,0,0,0,1,0,0,0,1,2,0
365,366,0,1,30.0,7.25,0,0,1,0,0,0,0,0,1,0,0,1,1,1
366,367,1,0,60.0,75.25,0,0,0,1,0,0,1,0,0,1,0,0,2,0
367,368,1,0,28.0,7.2292,0,0,0,1,0,0,1,0,0,0,0,1,1,1
368,369,1,0,28.0,7.75,0,1,0,0,0,0,0,1,0,0,0,1,1,1
369,370,1,0,24.0,69.3,0,0,0,1,0,0,1,0,0,1,0,0,1,1
370,371,1,1,25.0,55.4417,0,0,1,0,0,0,1,0,0,1,0,0,2,0
371,372,0,1,18.0,6.4958,0,0,1,0,0,0,0,0,1,0,0,1,2,0
372,373,0,1,19.0,8.05,0,0,1,0,0,0,0,0,1,0,0,1,1,1
373,374,0,1,22.0,135.6333,0,0,1,0,0,0,1,0,0,1,0,0,1,1
374,375,0,0,3.0,21.075,0,1,0,0,0,0,0,0,1,0,0,1,5,0
375,376,1,0,28.0,82.1708,0,0,0,1,0,0,1,0,0,1,0,0,2,0
376,377,1,0,22.0,7.25,0,1,0,0,0,0,0,0,1,0,0,1,1,1
377,378,0,1,27.0,211.5,0,0,1,0,0,0,1,0,0,1,0,0,3,0
378,379,0,1,20.0,4.0125,0,0,1,0,0,0,1,0,0,0,0,1,1,1
379,380,0,1,19.0,7.775,0,0,1,0,0,0,0,0,1,0,0,1,1,1
380,381,1,0,42.0,227.525,0,1,0,0,0,0,1,0,0,1,0,0,1,1
381,382,1,0,1.0,15.7417,0,1,0,0,0,0,1,0,0,0,0,1,3,0
382,383,0,1,32.0,7.925,0,0,1,0,0,0,0,0,1,0,0,1,1,1
383,384,1,0,35.0,52.0,0,0,0,1,0,0,0,0,1,1,0,0,2,0
384,385,0,1,28.0,7.8958,0,0,1,0,0,0,0,0,1,0,0,1,1,1
385,386,0,1,18.0,73.5,0,0,1,0,0,0,0,0,1,0,1,0,1,1
386,387,0,1,1.0,46.9,1,0,0,0,0,0,0,0,1,0,0,1,8,0
387,388,1,0,36.0,13.0,0,1,0,0,0,0,0,0,1,0,1,0,1,1
388,389,0,1,28.0,7.7292,0,0,1,0,0,0,0,1,0,0,0,1,1,1
389,390,1,0,17.0,12.0,0,1,0,0,0,0,1,0,0,0,1,0,1,1
390,391,1,1,36.0,120.0,0,0,1,0,0,0,0,0,1,1,0,0,4,0
391,392,1,1,21.0,7.7958,0,0,1,0,0,0,0,0,1,0,0,1,1,1
392,393,0,1,28.0,7.925,0,0,1,0,0,0,0,0,1,0,0,1,3,0
393,394,1,0,23.0,113.275,0,1,0,0,0,0,1,0,0,1,0,0,2,0
394,395,1,0,24.0,16.7,0,0,0,1,0,0,0,0,1,0,0,1,3,0
395,396,0,1,22.0,7.7958,0,0,1,0,0,0,0,0,1,0,0,1,1,1
396,397,0,0,31.0,7.8542,0,1,0,0,0,0,0,0,1,0,0,1,1,1
397,398,0,1,46.0,26.0,0,0,1,0,0,0,0,0,1,0,1,0,1,1
398,399,0,1,23.0,10.5,0,0,0,0,0,1,0,0,1,0,1,0,1,1
399,400,1,0,28.0,12.65,0,0,0,1,0,0,0,0,1,0,1,0,1,1
400,401,1,1,39.0,7.925,0,0,1,0,0,0,0,0,1,0,0,1,1,1
401,402,0,1,26.0,8.05,0,0,1,0,0,0,0,0,1,0,0,1,1,1
402,403,0,0,21.0,9.825,0,1,0,0,0,0,0,0,1,0,0,1,2,0
403,404,0,1,28.0,15.85,0,0,1,0,0,0,0,0,1,0,0,1,2,0
404,405,0,0,20.0,8.6625,0,1,0,0,0,0,0,0,1,0,0,1,1,1
405,406,0,1,34.0,21.0,0,0,1,0,0,0,0,0,1,0,1,0,2,0
406,407,0,1,51.0,7.75,0,0,1,0,0,0,0,0,1,0,0,1,1,1
407,408,1,1,3.0,18.75,1,0,0,0,0,0,0,0,1,0,1,0,3,0
408,409,0,1,21.0,7.775,0,0,1,0,0,0,0,0,1,0,0,1,1,1
409,410,0,0,28.0,25.4667,0,1,0,0,0,0,0,0,1,0,0,1,5,0
410,411,0,1,28.0,7.8958,0,0,1,0,0,0,0,0,1,0,0,1,1,1
411,412,0,1,28.0,6.8583,0,0,1,0,0,0,0,1,0,0,0,1,1,1
412,413,1,0,33.0,90.0,0,1,0,0,0,0,0,1,0,1,0,0,2,0
413,414,0,1,28.0,0.0,0,0,1,0,0,0,0,0,1,0,1,0,1,1
414,415,1,1,44.0,7.925,0,0,1,0,0,0,0,0,1,0,0,1,1,1
415,416,0,0,28.0,8.05,0,0,0,1,0,0,0,0,1,0,0,1,1,1
416,417,1,0,34.0,32.5,0,0,0,1,0,0,0,0,1,0,1,0,3,0
417,418,1,0,18.0,13.0,0,1,0,0,0,0,0,0,1,0,1,0,3,0
418,419,0,1,30.0,13.0,0,0,1,0,0,0,0,0,1,0,1,0,1,1
419,420,0,0,10.0,24.15,0,1,0,0,0,0,0,0,1,0,0,1,3,0
420,421,0,1,28.0,7.8958,0,0,1,0,0,0,1,0,0,0,0,1,1,1
421,422,0,1,21.0,7.7333,0,0,1,0,0,0,0,1,0,0,0,1,1,1
422,423,0,1,29.0,7.875,0,0,1,0,0,0,0,0,1,0,0,1,1,1
423,424,0,0,28.0,14.4,0,0,0,1,0,0,0,0,1,0,0,1,3,0
424,425,0,1,18.0,20.2125,0,0,1,0,0,0,0,0,1,0,0,1,3,0
425,426,0,1,28.0,7.25,0,0,1,0,0,0,0,0,1,0,0,1,1,1
426,427,1,0,28.0,26.0,0,0,0,1,0,0,0,0,1,0,1,0,2,0
427,428,1,0,19.0,26.0,0,1,0,0,0,0,0,0,1,0,1,0,1,1
428,429,0,1,28.0,7.75,0,0,1,0,0,0,0,1,0,0,0,1,1,1
429,430,1,1,32.0,8.05,0,0,1,0,0,0,0,0,1,0,0,1,1,1
430,431,1,1,28.0,26.55,0,0,1,0,0,0,0,0,1,1,0,0,1,1
431,432,1,0,28.0,16.1,0,0,0,1,0,0,0,0,1,0,0,1,2,0
432,433,1,0,42.0,26.0,0,0,0,1,0,0,0,0,1,0,1,0,2,0
433,434,0,1,17.0,7.125,0,0,1,0,0,0,0,0,1,0,0,1,1,1
434,435,0,1,50.0,55.9,0,0,1,0,0,0,0,0,1,1,0,0,2,0
435,436,1,0,14.0,120.0,0,1,0,0,0,0,0,0,1,1,0,0,4,0
436,437,0,0,21.0,34.375,0,1,0,0,0,0,0,0,1,0,0,1,5,0
437,438,1,0,24.0,18.75,0,0,0,1,0,0,0,0,1,0,1,0,6,0
438,439,0,1,64.0,263.0,0,0,1,0,0,0,0,0,1,1,0,0,6,0
439,440,0,1,31.0,10.5,0,0,1,0,0,0,0,0,1,0,1,0,1,1
440,441,1,0,45.0,26.25,0,0,0,1,0,0,0,0,1,0,1,0,3,0
441,442,0,1,20.0,9.5,0,0,1,0,0,0,0,0,1,0,0,1,1,1
442,443,0,1,25.0,7.775,0,0,1,0,0,0,0,0,1,0,0,1,2,0
443,444,1,0,28.0,13.0,0,0,0,1,0,0,0,0,1,0,1,0,1,1
444,445,1,1,28.0,8.1125,0,0,1,0,0,0,0,0,1,0,0,1,1,1
445,446,1,1,4.0,81.8583,1,0,0,0,0,0,0,0,1,1,0,0,3,0
446,447,1,0,13.0,19.5,0,1,0,0,0,0,0,0,1,0,1,0,2,0
447,448,1,1,34.0,26.55,0,0,1,0,0,0,0,0,1,1,0,0,1,1
448,449,1,0,5.0,19.2583,0,1,0,0,0,0,1,0,0,0,0,1,4,0
449,450,1,1,52.0,30.5,0,0,0,0,0,1,0,0,1,1,0,0,1,1
450,451,0,1,36.0,27.75,0,0,1,0,0,0,0,0,1,0,1,0,4,0
451,452,0,1,28.0,19.9667,0,0,1,0,0,0,0,0,1,0,0,1,2,0
452,453,0,1,30.0,27.75,0,0,1,0,0,0,1,0,0,1,0,0,1,1
453,454,1,1,49.0,89.1042,0,0,1,0,0,0,1,0,0,1,0,0,2,0
454,455,0,1,28.0,8.05,0,0,1,0,0,0,0,0,1,0,0,1,1,1
455,456,1,1,29.0,7.8958,0,0,1,0,0,0,1,0,0,0,0,1,1,1
456,457,0,1,65.0,26.55,0,0,1,0,0,0,0,0,1,1,0,0,1,1
457,458,1,0,28.0,51.8625,0,0,0,1,0,0,0,0,1,1,0,0,2,0
458,459,1,0,50.0,10.5,0,1,0,0,0,0,0,0,1,0,1,0,1,1
459,460,0,1,28.0,7.75,0,0,1,0,0,0,0,1,0,0,0,1,1,1
460,461,1,1,48.0,26.55,0,0,1,0,0,0,0,0,1,1,0,0,1,1
461,462,0,1,34.0,8.05,0,0,1,0,0,0,0,0,1,0,0,1,1,1
462,463,0,1,47.0,38.5,0,0,1,0,0,0,0,0,1,1,0,0,1,1
463,464,0,1,48.0,13.0,0,0,1,0,0,0,0,0,1,0,1,0,1,1
464,465,0,1,28.0,8.05,0,0,1,0,0,0,0,0,1,0,0,1,1,1
465,466,0,1,38.0,7.05,0,0,1,0,0,0,0,0,1,0,0,1,1,1
466,467,0,1,28.0,0.0,0,0,1,0,0,0,0,0,1,0,1,0,1,1
467,468,0,1,56.0,26.55,0,0,1,0,0,0,0,0,1,1,0,0,1,1
468,469,0,1,28.0,7.725,0,0,1,0,0,0,0,1,0,0,0,1,1,1
469,470,1,0,0.75,19.2583,0,1,0,0,0,0,1,0,0,0,0,1,4,0
470,471,0,1,28.0,7.25,0,0,1,0,0,0,0,0,1,0,0,1,1,1
471,472,0,1,38.0,8.6625,0,0,1,0,0,0,0,0,1,0,0,1,1,1
472,473,1,0,33.0,27.75,0,0,0,1,0,0,0,0,1,0,1,0,4,0
473,474,1,0,23.0,13.7917,0,0,0,1,0,0,1,0,0,0,1,0,1,1
474,475,0,0,22.0,9.8375,0,1,0,0,0,0,0,0,1,0,0,1,1,1
475,476,0,1,28.0,52.0,0,0,1,0,0,0,0,0,1,1,0,0,1,1
476,477,0,1,34.0,21.0,0,0,1,0,0,0,0,0,1,0,1,0,2,0
477,478,0,1,29.0,7.0458,0,0,1,0,0,0,0,0,1,0,0,1,2,0
478,479,0,1,22.0,7.5208,0,0,1,0,0,0,0,0,1,0,0,1,1,1
479,480,1,0,2.0,12.2875,0,1,0,0,0,0,0,0,1,0,0,1,2,0
480,481,0,1,9.0,46.9,1,0,0,0,0,0,0,0,1,0,0,1,8,0
481,482,0,1,28.0,0.0,0,0,1,0,0,0,0,0,1,0,1,0,1,1
482,483,0,1,50.0,8.05,0,0,1,0,0,0,0,0,1,0,0,1,1,1
483,484,1,0,63.0,9.5875,0,0,0,1,0,0,0,0,1,0,0,1,1,1
484,485,1,1,25.0,91.0792,0,0,1,0,0,0,1,0,0,1,0,0,2,0
485,486,0,0,28.0,25.4667,0,1,0,0,0,0,0,0,1,0,0,1,5,0
486,487,1,0,35.0,90.0,0,0,0,1,0,0,0,0,1,1,0,0,2,0
487,488,0,1,58.0,29.7,0,0,1,0,0,0,1,0,0,1,0,0,1,1
488,489,0,1,30.0,8.05,0,0,1,0,0,0,0,0,1,0,0,1,1,1
489,490,1,1,9.0,15.9,1,0,0,0,0,0,0,0,1,0,0,1,3,0
490,491,0,1,28.0,19.9667,0,0,1,0,0,0,0,0,1,0,0,1,2,0
491,492,0,1,21.0,7.25,0,0,1,0,0,0,0,0,1,0,0,1,1,1
492,493,0,1,55.0,30.5,0,0,1,0,0,0,0,0,1,1,0,0,1,1
493,494,0,1,71.0,49.5042,0,0,1,0,0,0,1,0,0,1,0,0,1,1
494,495,0,1,21.0,8.05,0,0,1,0,0,0,0,0,1,0,0,1,1,1
495,496,0,1,28.0,14.4583,0,0,1,0,0,0,1,0,0,0,0,1,1,1
496,497,1,0,54.0,78.2667,0,1,0,0,0,0,1,0,0,1,0,0,2,0
497,498,0,1,28.0,15.1,0,0,1,0,0,0,0,0,1,0,0,1,1,1
498,499,0,0,25.0,151.55,0,0,0,1,0,0,0,0,1,1,0,0,4,0
499,500,0,1,24.0,7.7958,0,0,1,0,0,0,0,0,1,0,0,1,1,1
500,501,0,1,17.0,8.6625,0,0,1,0,0,0,0,0,1,0,0,1,1,1
501,502,0,0,21.0,7.75,0,1,0,0,0,0,0,1,0,0,0,1,1,1
502,503,0,0,28.0,7.6292,0,1,0,0,0,0,0,1,0,0,0,1,1,1
503,504,0,0,37.0,9.5875,0,1,0,0,0,0,0,0,1,0,0,1,1,1
504,505,1,0,16.0,86.5,0,1,0,0,0,0,0,0,1,1,0,0,1,1
505,506,0,1,18.0,108.9,0,0,1,0,0,0,1,0,0,1,0,0,2,0
506,507,1,0,33.0,26.0,0,0,0,1,0,0,0,0,1,0,1,0,3,0
507,508,1,1,28.0,26.55,0,0,1,0,0,0,0,0,1,1,0,0,1,1
508,509,0,1,28.0,22.525,0,0,1,0,0,0,0,0,1,0,0,1,1,1
509,510,1,1,26.0,56.4958,0,0,1,0,0,0,0,0,1,0,0,1,1,1
510,511,1,1,29.0,7.75,0,0,1,0,0,0,0,1,0,0,0,1,1,1
511,512,0,1,28.0,8.05,0,0,1,0,0,0,0,0,1,0,0,1,1,1
512,513,1,1,36.0,26.2875,0,0,1,0,0,0,0,0,1,1,0,0,1,1
513,514,1,0,54.0,59.4,0,0,0,1,0,0,1,0,0,1,0,0,2,0
514,515,0,1,24.0,7.4958,0,0,1,0,0,0,0,0,1,0,0,1,1,1
515,516,0,1,47.0,34.0208,0,0,1,0,0,0,0,0,1,1,0,0,1,1
516,517,1,0,34.0,10.5,0,0,0,1,0,0,0,0,1,0,1,0,1,1
517,518,0,1,28.0,24.15,0,0,1,0,0,0,0,1,0,0,0,1,1,1
518,519,1,0,36.0,26.0,0,0,0,1,0,0,0,0,1,0,1,0,2,0
519,520,0,1,32.0,7.8958,0,0,1,0,0,0,0,0,1,0,0,1,1,1
520,521,1,0,30.0,93.5,0,1,0,0,0,0,0,0,1,1,0,0,1,1
521,522,0,1,22.0,7.8958,0,0,1,0,0,0,0,0,1,0,0,1,1,1
522,523,0,1,28.0,7.225,0,0,1,0,0,0,1,0,0,0,0,1,1,1
523,524,1,0,44.0,57.9792,0,0,0,1,0,0,1,0,0,1,0,0,2,0
524,525,0,1,28.0,7.2292,0,0,1,0,0,0,1,0,0,0,0,1,1,1
525,526,0,1,40.5,7.75,0,0,1,0,0,0,0,1,0,0,0,1,1,1
526,527,1,0,50.0,10.5,0,1,0,0,0,0,0,0,1,0,1,0,1,1
527,528,0,1,28.0,221.7792,0,0,1,0,0,0,0,0,1,1,0,0,1,1
528,529,0,1,39.0,7.925,0,0,1,0,0,0,0,0,1,0,0,1,1,1
529,530,0,1,23.0,11.5,0,0,1,0,0,0,0,0,1,0,1,0,4,0
530,531,1,0,2.0,26.0,0,1,0,0,0,0,0,0,1,0,1,0,3,0
531,532,0,1,28.0,7.2292,0,0,1,0,0,0,1,0,0,0,0,1,1,1
532,533,0,1,17.0,7.2292,0,0,1,0,0,0,1,0,0,0,0,1,3,0
533,534,1,0,28.0,22.3583,0,0,0,1,0,0,1,0,0,0,0,1,3,0
534,535,0,0,30.0,8.6625,0,1,0,0,0,0,0,0,1,0,0,1,1,1
535,536,1,0,7.0,26.25,0,1,0,0,0,0,0,0,1,0,1,0,3,0
536,537,0,1,45.0,26.55,0,0,0,0,0,1,0,0,1,1,0,0,1,1
537,538,1,0,30.0,106.425,0,1,0,0,0,0,1,0,0,1,0,0,1,1
538,539,0,1,28.0,14.5,0,0,1,0,0,0,0,0,1,0,0,1,1,1
539,540,1,0,22.0,49.5,0,1,0,0,0,0,1,0,0,1,0,0,3,0
540,541,1,0,36.0,71.0,0,1,0,0,0,0,0,0,1,1,0,0,3,0
541,542,0,0,9.0,31.275,0,1,0,0,0,0,0,0,1,0,0,1,7,0
542,543,0,0,11.0,31.275,0,1,0,0,0,0,0,0,1,0,0,1,7,0
543,544,1,1,32.0,26.0,0,0,1,0,0,0,0,0,1,0,1,0,2,0
544,545,0,1,50.0,106.425,0,0,1,0,0,0,1,0,0,1,0,0,2,0
545,546,0,1,64.0,26.0,0,0,1,0,0,0,0,0,1,1,0,0,1,1
546,547,1,0,19.0,26.0,0,0,0,1,0,0,0,0,1,0,1,0,2,0
547,548,1,1,28.0,13.8625,0,0,1,0,0,0,1,0,0,0,1,0,1,1
548,549,0,1,33.0,20.525,0,0,1,0,0,0,0,0,1,0,0,1,3,0
549,550,1,1,8.0,36.75,1,0,0,0,0,0,0,0,1,0,1,0,3,0
550,551,1,1,17.0,110.8833,0,0,1,0,0,0,1,0,0,1,0,0,3,0
551,552,0,1,27.0,26.0,0,0,1,0,0,0,0,0,1,0,1,0,1,1
552,553,0,1,28.0,7.8292,0,0,1,0,0,0,0,1,0,0,0,1,1,1
553,554,1,1,22.0,7.225,0,0,1,0,0,0,1,0,0,0,0,1,1,1
554,555,1,0,22.0,7.775,0,1,0,0,0,0,0,0,1,0,0,1,1,1
555,556,0,1,62.0,26.55,0,0,1,0,0,0,0,0,1,1,0,0,1,1
556,557,1,0,48.0,39.6,0,0,0,0,1,0,1,0,0,1,0,0,2,0
557,558,0,1,28.0,227.525,0,0,1,0,0,0,1,0,0,1,0,0,1,1
558,559,1,0,39.0,79.65,0,0,0,1,0,0,0,0,1,1,0,0,3,0
559,560,1,0,36.0,17.4,0,0,0,1,0,0,0,0,1,0,0,1,2,0
560,561,0,1,28.0,7.75,0,0,1,0,0,0,0,1,0,0,0,1,1,1
561,562,0,1,40.0,7.8958,0,0,1,0,0,0,0,0,1,0,0,1,1,1
562,563,0,1,28.0,13.5,0,0,1,0,0,0,0,0,1,0,1,0,1,1
563,564,0,1,28.0,8.05,0,0,1,0,0,0,0,0,1,0,0,1,1,1
564,565,0,0,28.0,8.05,0,1,0,0,0,0,0,0,1,0,0,1,1,1
565,566,0,1,24.0,24.15,0,0,1,0,0,0,0,0,1,0,0,1,3,0
566,567,0,1,19.0,7.8958,0,0,1,0,0,0,0,0,1,0,0,1,1,1
567,568,0,0,29.0,21.075,0,0,0,1,0,0,0,0,1,0,0,1,5,0
568,569,0,1,28.0,7.2292,0,0,1,0,0,0,1,0,0,0,0,1,1,1
569,570,1,1,32.0,7.8542,0,0,1,0,0,0,0,0,1,0,0,1,1,1
570,571,1,1,62.0,10.5,0,0,1,0,0,0,0,0,1,0,1,0,1,1
571,572,1,0,53.0,51.4792,0,0,0,1,0,0,0,0,1,1,0,0,3,0
572,573,1,1,36.0,26.3875,0,0,1,0,0,0,0,0,1,1,0,0,1,1
573,574,1,0,28.0,7.75,0,1,0,0,0,0,0,1,0,0,0,1,1,1
574,575,0,1,16.0,8.05,0,0,1,0,0,0,0,0,1,0,0,1,1,1
575,576,0,1,19.0,14.5,0,0,1,0,0,0,0,0,1,0,0,1,1,1
576,577,1,0,34.0,13.0,0,1,0,0,0,0,0,0,1,0,1,0,1,1
577,578,1,0,39.0,55.9,0,0,0,1,0,0,0,0,1,1,0,0,2,0
578,579,0,0,28.0,14.4583,0,0,0,1,0,0,1,0,0,0,0,1,2,0
579,580,1,1,32.0,7.925,0,0,1,0,0,0,0,0,1,0,0,1,1,1
580,581,1,0,25.0,30.0,0,1,0,0,0,0,0,0,1,0,1,0,3,0
581,582,1,0,39.0,110.8833,0,0,0,1,0,0,1,0,0,1,0,0,3,0
582,583,0,1,54.0,26.0,0,0,1,0,0,0,0,0,1,0,1,0,1,1
583,584,0,1,36.0,40.125,0,0,1,0,0,0,1,0,0,1,0,0,1,1
584,585,0,1,28.0,8.7125,0,0,1,0,0,0,1,0,0,0,0,1,1,1
585,586,1,0,18.0,79.65,0,1,0,0,0,0,0,0,1,1,0,0,3,0
586,587,0,1,47.0,15.0,0,0,1,0,0,0,0,0,1,0,1,0,1,1
587,588,1,1,60.0,79.2,0,0,1,0,0,0,1,0,0,1,0,0,3,0
588,589,0,1,22.0,8.05,0,0,1,0,0,0,0,0,1,0,0,1,1,1
589,590,0,1,28.0,8.05,0,0,1,0,0,0,0,0,1,0,0,1,1,1
590,591,0,1,35.0,7.125,0,0,1,0,0,0,0,0,1,0,0,1,1,1
591,592,1,0,52.0,78.2667,0,0,0,1,0,0,1,0,0,1,0,0,2,0
592,593,0,1,47.0,7.25,0,0,1,0,0,0,0,0,1,0,0,1,1,1
593,594,0,0,28.0,7.75,0,1,0,0,0,0,0,1,0,0,0,1,3,0
594,595,0,1,37.0,26.0,0,0,1,0,0,0,0,0,1,0,1,0,2,0
595,596,0,1,36.0,24.15,0,0,1,0,0,0,0,0,1,0,0,1,3,0
596,597,1,0,28.0,33.0,0,1,0,0,0,0,0,0,1,0,1,0,1,1
597,598,0,1,49.0,0.0,0,0,1,0,0,0,0,0,1,0,0,1,1,1
598,599,0,1,28.0,7.225,0,0,1,0,0,0,1,0,0,0,0,1,1,1
599,600,1,1,49.0,56.9292,0,0,0,0,1,0,1,0,0,1,0,0,2,0
600,601,1,0,24.0,27.0,0,0,0,1,0,0,0,0,1,0,1,0,4,0
601,602,0,1,28.0,7.8958,0,0,1,0,0,0,0,0,1,0,0,1,1,1
602,603,0,1,28.0,42.4,0,0,1,0,0,0,0,0,1,1,0,0,1,1
603,604,0,1,44.0,8.05,0,0,1,0,0,0,0,0,1,0,0,1,1,1
604,605,1,1,35.0,26.55,0,0,1,0,0,0,1,0,0,1,0,0,1,1
605,606,0,1,36.0,15.55,0,0,1,0,0,0,0,0,1,0,0,1,2,0
606,607,0,1,30.0,7.8958,0,0,1,0,0,0,0,0,1,0,0,1,1,1
607,608,1,1,27.0,30.5,0,0,1,0,0,0,0,0,1,1,0,0,1,1
608,609,1,0,22.0,41.5792,0,0,0,1,0,0,1,0,0,0,1,0,4,0
609,610,1,0,40.0,153.4625,0,1,0,0,0,0,0,0,1,1,0,0,1,1
610,611,0,0,39.0,31.275,0,0,0,1,0,0,0,0,1,0,0,1,7,0
611,612,0,1,28.0,7.05,0,0,1,0,0,0,0,0,1,0,0,1,1,1
612,613,1,0,28.0,15.5,0,1,0,0,0,0,0,1,0,0,0,1,2,0
613,614,0,1,28.0,7.75,0,0,1,0,0,0,0,1,0,0,0,1,1,1
614,615,0,1,35.0,8.05,0,0,1,0,0,0,0,0,1,0,0,1,1,1
615,616,1,0,24.0,65.0,0,1,0,0,0,0,0,0,1,0,1,0,4,0
616,617,0,1,34.0,14.4,0,0,1,0,0,0,0,0,1,0,0,1,3,0
617,618,0,0,26.0,16.1,0,0,0,1,0,0,0,0,1,0,0,1,2,0
618,619,1,0,4.0,39.0,0,1,0,0,0,0,0,0,1,0,1,0,4,0
619,620,0,1,26.0,10.5,0,0,1,0,0,0,0,0,1,0,1,0,1,1
620,621,0,1,27.0,14.4542,0,0,1,0,0,0,1,0,0,0,0,1,2,0
621,622,1,1,42.0,52.5542,0,0,1,0,0,0,0,0,1,1,0,0,2,0
622,623,1,1,20.0,15.7417,0,0,1,0,0,0,1,0,0,0,0,1,3,0
623,624,0,1,21.0,7.8542,0,0,1,0,0,0,0,0,1,0,0,1,1,1
624,625,0,1,21.0,16.1,0,0,1,0,0,0,0,0,1,0,0,1,1,1
625,626,0,1,61.0,32.3208,0,0,1,0,0,0,0,0,1,1,0,0,1,1
626,627,0,1,57.0,12.35,0,0,0,0,0,1,0,1,0,0,1,0,1,1
627,628,1,0,21.0,77.9583,0,1,0,0,0,0,0,0,1,1,0,0,1,1
628,629,0,1,26.0,7.8958,0,0,1,0,0,0,0,0,1,0,0,1,1,1
629,630,0,1,28.0,7.7333,0,0,1,0,0,0,0,1,0,0,0,1,1,1
630,631,1,1,80.0,30.0,0,0,1,0,0,0,0,0,1,1,0,0,1,1
631,632,0,1,51.0,7.0542,0,0,1,0,0,0,0,0,1,0,0,1,1,1
632,633,1,1,32.0,30.5,0,0,0,0,0,1,1,0,0,1,0,0,1,1
633,634,0,1,28.0,0.0,0,0,1,0,0,0,0,0,1,1,0,0,1,1
634,635,0,0,9.0,27.9,0,1,0,0,0,0,0,0,1,0,0,1,6,0
635,636,1,0,28.0,13.0,0,1,0,0,0,0,0,0,1,0,1,0,1,1
636,637,0,1,32.0,7.925,0,0,1,0,0,0,0,0,1,0,0,1,1,1
637,638,0,1,31.0,26.25,0,0,1,0,0,0,0,0,1,0,1,0,3,0
638,639,0,0,41.0,39.6875,0,0,0,1,0,0,0,0,1,0,0,1,6,0
639,640,0,1,28.0,16.1,0,0,1,0,0,0,0,0,1,0,0,1,2,0
640,641,0,1,20.0,7.8542,0,0,1,0,0,0,0,0,1,0,0,1,1,1
641,642,1,0,24.0,69.3,0,1,0,0,0,0,1,0,0,1,0,0,1,1
642,643,0,0,2.0,27.9,0,1,0,0,0,0,0,0,1,0,0,1,6,0
643,644,1,1,28.0,56.4958,0,0,1,0,0,0,0,0,1,0,0,1,1,1
644,645,1,0,0.75,19.2583,0,1,0,0,0,0,1,0,0,0,0,1,4,0
645,646,1,1,48.0,76.7292,0,0,1,0,0,0,1,0,0,1,0,0,2,0
646,647,0,1,19.0,7.8958,0,0,1,0,0,0,0,0,1,0,0,1,1,1
647,648,1,1,56.0,35.5,0,0,0,0,0,1,1,0,0,1,0,0,1,1
648,649,0,1,28.0,7.55,0,0,1,0,0,0,0,0,1,0,0,1,1,1
649,650,1,0,23.0,7.55,0,1,0,0,0,0,0,0,1,0,0,1,1,1
650,651,0,1,28.0,7.8958,0,0,1,0,0,0,0,0,1,0,0,1,1,1
651,652,1,0,18.0,23.0,0,1,0,0,0,0,0,0,1,0,1,0,2,0
652,653,0,1,21.0,8.4333,0,0,1,0,0,0,0,0,1,0,0,1,1,1
653,654,1,0,28.0,7.8292,0,1,0,0,0,0,0,1,0,0,0,1,1,1
654,655,0,0,18.0,6.75,0,1,0,0,0,0,0,1,0,0,0,1,1,1
655,656,0,1,24.0,73.5,0,0,1,0,0,0,0,0,1,0,1,0,3,0
656,657,0,1,28.0,7.8958,0,0,1,0,0,0,0,0,1,0,0,1,1,1
657,658,0,0,32.0,15.5,0,0,0,1,0,0,0,1,0,0,0,1,3,0
658,659,0,1,23.0,13.0,0,0,1,0,0,0,0,0,1,0,1,0,1,1
659,660,0,1,58.0,113.275,0,0,1,0,0,0,1,0,0,1,0,0,3,0
660,661,1,1,50.0,133.65,0,0,0,0,0,1,0,0,1,1,0,0,3,0
661,662,0,1,40.0,7.225,0,0,1,0,0,0,1,0,0,0,0,1,1,1
662,663,0,1,47.0,25.5875,0,0,1,0,0,0,0,0,1,1,0,0,1,1
663,664,0,1,36.0,7.4958,0,0,1,0,0,0,0,0,1,0,0,1,1,1
664,665,1,1,20.0,7.925,0,0,1,0,0,0,0,0,1,0,0,1,2,0
665,666,0,1,32.0,73.5,0,0,1,0,0,0,0,0,1,0,1,0,3,0
666,667,0,1,25.0,13.0,0,0,1,0,0,0,0,0,1,0,1,0,1,1
667,668,0,1,28.0,7.775,0,0,1,0,0,0,0,0,1,0,0,1,1,1
668,669,0,1,43.0,8.05,0,0,1,0,0,0,0,0,1,0,0,1,1,1
669,670,1,0,28.0,52.0,0,0,0,1,0,0,0,0,1,1,0,0,2,0
670,671,1,0,40.0,39.0,0,0,0,1,0,0,0,0,1,0,1,0,3,0
671,672,0,1,31.0,52.0,0,0,1,0,0,0,0,0,1,1,0,0,2,0
672,673,0,1,70.0,10.5,0,0,1,0,0,0,0,0,1,0,1,0,1,1
673,674,1,1,31.0,13.0,0,0,1,0,0,0,0,0,1,0,1,0,1,1
674,675,0,1,28.0,0.0,0,0,1,0,0,0,0,0,1,0,1,0,1,1
675,676,0,1,18.0,7.775,0,0,1,0,0,0,0,0,1,0,0,1,1,1
676,677,0,1,24.5,8.05,0,0,1,0,0,0,0,0,1,0,0,1,1,1
677,678,1,0,18.0,9.8417,0,1,0,0,0,0,0,0,1,0,0,1,1,1
678,679,0,0,43.0,46.9,0,0,0,1,0,0,0,0,1,0,0,1,8,0
679,680,1,1,36.0,512.3292,0,0,1,0,0,0,1,0,0,1,0,0,2,0
680,681,0,0,28.0,8.1375,0,1,0,0,0,0,0,1,0,0,0,1,1,1
681,682,1,1,27.0,76.7292,0,0,1,0,0,0,1,0,0,1,0,0,1,1
682,683,0,1,20.0,9.225,0,0,1,0,0,0,0,0,1,0,0,1,1,1
683,684,0,1,14.0,46.9,0,0,1,0,0,0,0,0,1,0,0,1,8,0
684,685,0,1,60.0,39.0,0,0,1,0,0,0,0,0,1,0,1,0,3,0
685,686,0,1,25.0,41.5792,0,0,1,0,0,0,1,0,0,0,1,0,4,0
686,687,0,1,14.0,39.6875,0,0,1,0,0,0,0,0,1,0,0,1,6,0
687,688,0,1,19.0,10.1708,0,0,1,0,0,0,0,0,1,0,0,1,1,1
688,689,0,1,18.0,7.7958,0,0,1,0,0,0,0,0,1,0,0,1,1,1
689,690,1,0,15.0,211.3375,0,1,0,0,0,0,0,0,1,1,0,0,2,0
690,691,1,1,31.0,57.0,0,0,1,0,0,0,0,0,1,1,0,0,2,0
691,692,1,0,4.0,13.4167,0,1,0,0,0,0,1,0,0,0,0,1,2,0
692,693,1,1,28.0,56.4958,0,0,1,0,0,0,0,0,1,0,0,1,1,1
693,694,0,1,25.0,7.225,0,0,1,0,0,0,1,0,0,0,0,1,1,1
694,695,0,1,60.0,26.55,0,0,0,0,0,1,0,0,1,1,0,0,1,1
695,696,0,1,52.0,13.5,0,0,1,0,0,0,0,0,1,0,1,0,1,1
696,697,0,1,44.0,8.05,0,0,1,0,0,0,0,0,1,0,0,1,1,1
697,698,1,0,28.0,7.7333,0,1,0,0,0,0,0,1,0,0,0,1,1,1
698,699,0,1,49.0,110.8833,0,0,1,0,0,0,1,0,0,1,0,0,3,0
699,700,0,1,42.0,7.65,0,0,1,0,0,0,0,0,1,0,0,1,1,1
700,701,1,0,18.0,227.525,0,0,0,1,0,0,1,0,0,1,0,0,2,0
701,702,1,1,35.0,26.2875,0,0,1,0,0,0,0,0,1,1,0,0,1,1
702,703,0,0,18.0,14.4542,0,1,0,0,0,0,1,0,0,0,0,1,2,0
703,704,0,1,25.0,7.7417,0,0,1,0,0,0,0,1,0,0,0,1,1,1
704,705,0,1,26.0,7.8542,0,0,1,0,0,0,0,0,1,0,0,1,2,0
705,706,0,1,39.0,26.0,0,0,1,0,0,0,0,0,1,0,1,0,1,1
706,707,1,0,45.0,13.5,0,0,0,1,0,0,0,0,1,0,1,0,1,1
707,708,1,1,42.0,26.2875,0,0,1,0,0,0,0,0,1,1,0,0,1,1
708,709,1,0,22.0,151.55,0,1,0,0,0,0,0,0,1,1,0,0,1,1
709,710,1,1,28.0,15.2458,1,0,0,0,0,0,1,0,0,0,0,1,3,0
710,711,1,0,24.0,49.5042,0,1,0,0,0,0,1,0,0,1,0,0,1,1
711,712,0,1,28.0,26.55,0,0,1,0,0,0,0,0,1,1,0,0,1,1
712,713,1,1,48.0,52.0,0,0,1,0,0,0,0,0,1,1,0,0,2,0
713,714,0,1,29.0,9.4833,0,0,1,0,0,0,0,0,1,0,0,1,1,1
714,715,0,1,52.0,13.0,0,0,1,0,0,0,0,0,1,0,1,0,1,1
715,716,0,1,19.0,7.65,0,0,1,0,0,0,0,0,1,0,0,1,1,1
716,717,1,0,38.0,227.525,0,1,0,0,0,0,1,0,0,1,0,0,1,1
717,718,1,0,27.0,10.5,0,1,0,0,0,0,0,0,1,0,1,0,1,1
718,719,0,1,28.0,15.5,0,0,1,0,0,0,0,1,0,0,0,1,1,1
719,720,0,1,33.0,7.775,0,0,1,0,0,0,0,0,1,0,0,1,1,1
720,721,1,0,6.0,33.0,0,1,0,0,0,0,0,0,1,0,1,0,2,0
721,722,0,1,17.0,7.0542,0,0,1,0,0,0,0,0,1,0,0,1,2,0
722,723,0,1,34.0,13.0,0,0,1,0,0,0,0,0,1,0,1,0,1,1
723,724,0,1,50.0,13.0,0,0,1,0,0,0,0,0,1,0,1,0,1,1
724,725,1,1,27.0,53.1,0,0,1,0,0,0,0,0,1,1,0,0,2,0
725,726,0,1,20.0,8.6625,0,0,1,0,0,0,0,0,1,0,0,1,1,1
726,727,1,0,30.0,21.0,0,0,0,1,0,0,0,0,1,0,1,0,4,0
727,728,1,0,28.0,7.7375,0,1,0,0,0,0,0,1,0,0,0,1,1,1
728,729,0,1,25.0,26.0,0,0,1,0,0,0,0,0,1,0,1,0,2,0
729,730,0,0,25.0,7.925,0,1,0,0,0,0,0,0,1,0,0,1,2,0
730,731,1,0,29.0,211.3375,0,1,0,0,0,0,0,0,1,1,0,0,1,1
731,732,0,1,11.0,18.7875,0,0,1,0,0,0,1,0,0,0,0,1,1,1
732,733,0,1,28.0,0.0,0,0,1,0,0,0,0,0,1,0,1,0,1,1
733,734,0,1,23.0,13.0,0,0,1,0,0,0,0,0,1,0,1,0,1,1
734,735,0,1,23.0,13.0,0,0,1,0,0,0,0,0,1,0,1,0,1,1
735,736,0,1,28.5,16.1,0,0,1,0,0,0,0,0,1,0,0,1,1,1
736,737,0,0,48.0,34.375,0,0,0,1,0,0,0,0,1,0,0,1,5,0
737,738,1,1,35.0,512.3292,0,0,1,0,0,0,1,0,0,1,0,0,1,1
738,739,0,1,28.0,7.8958,0,0,1,0,0,0,0,0,1,0,0,1,1,1
739,740,0,1,28.0,7.8958,0,0,1,0,0,0,0,0,1,0,0,1,1,1
740,741,1,1,28.0,30.0,0,0,1,0,0,0,0,0,1,1,0,0,1,1
741,742,0,1,36.0,78.85,0,0,1,0,0,0,0,0,1,1,0,0,2,0
742,743,1,0,21.0,262.375,0,1,0,0,0,0,1,0,0,1,0,0,5,0
743,744,0,1,24.0,16.1,0,0,1,0,0,0,0,0,1,0,0,1,2,0
744,745,1,1,31.0,7.925,0,0,1,0,0,0,0,0,1,0,0,1,1,1
745,746,0,1,70.0,71.0,0,0,0,0,0,1,0,0,1,1,0,0,3,0
746,747,0,1,16.0,20.25,0,0,1,0,0,0,0,0,1,0,0,1,3,0
747,748,1,0,30.0,13.0,0,1,0,0,0,0,0,0,1,0,1,0,1,1
748,749,0,1,19.0,53.1,0,0,1,0,0,0,0,0,1,1,0,0,2,0
749,750,0,1,31.0,7.75,0,0,1,0,0,0,0,1,0,0,0,1,1,1
750,751,1,0,4.0,23.0,0,1,0,0,0,0,0,0,1,0,1,0,3,0
751,752,1,1,6.0,12.475,1,0,0,0,0,0,0,0,1,0,0,1,2,0
752,753,0,1,33.0,9.5,0,0,1,0,0,0,0,0,1,0,0,1,1,1
753,754,0,1,23.0,7.8958,0,0,1,0,0,0,0,0,1,0,0,1,1,1
754,755,1,0,48.0,65.0,0,0,0,1,0,0,0,0,1,0,1,0,4,0
755,756,1,1,0.67,14.5,1,0,0,0,0,0,0,0,1,0,1,0,3,0
756,757,0,1,28.0,7.7958,0,0,1,0,0,0,0,0,1,0,0,1,1,1
757,758,0,1,18.0,11.5,0,0,1,0,0,0,0,0,1,0,1,0,1,1
758,759,0,1,34.0,8.05,0,0,1,0,0,0,0,0,1,0,0,1,1,1
759,760,1,0,33.0,86.5,0,0,0,0,1,0,0,0,1,1,0,0,1,1
760,761,0,1,28.0,14.5,0,0,1,0,0,0,0,0,1,0,0,1,1,1
761,762,0,1,41.0,7.125,0,0,1,0,0,0,0,0,1,0,0,1,1,1
762,763,1,1,20.0,7.2292,0,0,1,0,0,0,1,0,0,0,0,1,1,1
763,764,1,0,36.0,120.0,0,0,0,1,0,0,0,0,1,1,0,0,4,0
764,765,0,1,16.0,7.775,0,0,1,0,0,0,0,0,1,0,0,1,1,1
765,766,1,0,51.0,77.9583,0,0,0,1,0,0,0,0,1,1,0,0,2,0
766,767,0,1,28.0,39.6,0,0,0,0,0,1,1,0,0,1,0,0,1,1
767,768,0,0,30.5,7.75,0,1,0,0,0,0,0,1,0,0,0,1,1,1
768,769,0,1,28.0,24.15,0,0,1,0,0,0,0,1,0,0,0,1,2,0
769,770,0,1,32.0,8.3625,0,0,1,0,0,0,0,0,1,0,0,1,1,1
770,771,0,1,24.0,9.5,0,0,1,0,0,0,0,0,1,0,0,1,1,1
771,772,0,1,48.0,7.8542,0,0,1,0,0,0,0,0,1,0,0,1,1,1
772,773,0,0,57.0,10.5,0,0,0,1,0,0,0,0,1,0,1,0,1,1
773,774,0,1,28.0,7.225,0,0,1,0,0,0,1,0,0,0,0,1,1,1
774,775,1,0,54.0,23.0,0,0,0,1,0,0,0,0,1,0,1,0,5,0
775,776,0,1,18.0,7.75,0,0,1,0,0,0,0,0,1,0,0,1,1,1
776,777,0,1,28.0,7.75,0,0,1,0,0,0,0,1,0,0,0,1,1,1
777,778,1,0,5.0,12.475,0,1,0,0,0,0,0,0,1,0,0,1,1,1
778,779,0,1,28.0,7.7375,0,0,1,0,0,0,0,1,0,0,0,1,1,1
779,780,1,0,43.0,211.3375,0,0,0,1,0,0,0,0,1,1,0,0,2,0
780,781,1,0,13.0,7.2292,0,1,0,0,0,0,1,0,0,0,0,1,1,1
781,782,1,0,17.0,57.0,0,0,0,1,0,0,0,0,1,1,0,0,2,0
782,783,0,1,29.0,30.0,0,0,1,0,0,0,0,0,1,1,0,0,1,1
783,784,0,1,28.0,23.45,0,0,1,0,0,0,0,0,1,0,0,1,4,0
784,785,0,1,25.0,7.05,0,0,1,0,0,0,0,0,1,0,0,1,1,1
785,786,0,1,25.0,7.25,0,0,1,0,0,0,0,0,1,0,0,1,1,1
786,787,1,0,18.0,7.4958,0,1,0,0,0,0,0,0,1,0,0,1,1,1
787,788,0,1,8.0,29.125,1,0,0,0,0,0,0,1,0,0,0,1,6,0
788,789,1,1,1.0,20.575,1,0,0,0,0,0,0,0,1,0,0,1,4,0
789,790,0,1,46.0,79.2,0,0,1,0,0,0,1,0,0,1,0,0,1,1
790,791,0,1,28.0,7.75,0,0,1,0,0,0,0,1,0,0,0,1,1,1
791,792,0,1,16.0,26.0,0,0,1,0,0,0,0,0,1,0,1,0,1,1
792,793,0,0,28.0,69.55,0,1,0,0,0,0,0,0,1,0,0,1,11,0
793,794,0,1,28.0,30.6958,0,0,1,0,0,0,1,0,0,1,0,0,1,1
794,795,0,1,25.0,7.8958,0,0,1,0,0,0,0,0,1,0,0,1,1,1
795,796,0,1,39.0,13.0,0,0,1,0,0,0,0,0,1,0,1,0,1,1
796,797,1,0,49.0,25.9292,0,0,0,0,0,1,0,0,1,1,0,0,1,1
797,798,1,0,31.0,8.6833,0,0,0,1,0,0,0,0,1,0,0,1,1,1
798,799,0,1,30.0,7.2292,0,0,1,0,0,0,1,0,0,0,0,1,1,1
799,800,0,0,30.0,24.15,0,0,0,1,0,0,0,0,1,0,0,1,3,0
800,801,0,1,34.0,13.0,0,0,1,0,0,0,0,0,1,0,1,0,1,1
801,802,1,0,31.0,26.25,0,0,0,1,0,0,0,0,1,0,1,0,3,0
802,803,1,1,11.0,120.0,1,0,0,0,0,0,0,0,1,1,0,0,4,0
803,804,1,1,0.42,8.5167,1,0,0,0,0,0,1,0,0,0,0,1,2,0
804,805,1,1,27.0,6.975,0,0,1,0,0,0,0,0,1,0,0,1,1,1
805,806,0,1,31.0,7.775,0,0,1,0,0,0,0,0,1,0,0,1,1,1
806,807,0,1,39.0,0.0,0,0,1,0,0,0,0,0,1,1,0,0,1,1
807,808,0,0,18.0,7.775,0,1,0,0,0,0,0,0,1,0,0,1,1,1
808,809,0,1,39.0,13.0,0,0,1,0,0,0,0,0,1,0,1,0,1,1
809,810,1,0,33.0,53.1,0,0,0,1,0,0,0,0,1,1,0,0,2,0
810,811,0,1,26.0,7.8875,0,0,1,0,0,0,0,0,1,0,0,1,1,1
811,812,0,1,39.0,24.15,0,0,1,0,0,0,0,0,1,0,0,1,1,1
812,813,0,1,35.0,10.5,0,0,1,0,0,0,0,0,1,0,1,0,1,1
813,814,0,0,6.0,31.275,0,1,0,0,0,0,0,0,1,0,0,1,7,0
814,815,0,1,30.5,8.05,0,0,1,0,0,0,0,0,1,0,0,1,1,1
815,816,0,1,28.0,0.0,0,0,1,0,0,0,0,0,1,1,0,0,1,1
816,817,0,0,23.0,7.925,0,1,0,0,0,0,0,0,1,0,0,1,1,1
817,818,0,1,31.0,37.0042,0,0,1,0,0,0,1,0,0,0,1,0,3,0
818,819,0,1,43.0,6.45,0,0,1,0,0,0,0,0,1,0,0,1,1,1
819,820,0,1,10.0,27.9,1,0,0,0,0,0,0,0,1,0,0,1,6,0
820,821,1,0,52.0,93.5,0,0,0,1,0,0,0,0,1,1,0,0,3,0
821,822,1,1,27.0,8.6625,0,0,1,0,0,0,0,0,1,0,0,1,1,1
822,823,0,1,38.0,0.0,0,0,0,0,1,0,0,0,1,1,0,0,1,1
823,824,1,0,27.0,12.475,0,0,0,1,0,0,0,0,1,0,0,1,2,0
824,825,0,1,2.0,39.6875,1,0,0,0,0,0,0,0,1,0,0,1,6,0
825,826,0,1,28.0,6.95,0,0,1,0,0,0,0,1,0,0,0,1,1,1
826,827,0,1,28.0,56.4958,0,0,1,0,0,0,0,0,1,0,0,1,1,1
827,828,1,1,1.0,37.0042,1,0,0,0,0,0,1,0,0,0,1,0,3,0
828,829,1,1,28.0,7.75,0,0,1,0,0,0,0,1,0,0,0,1,1,1
829,830,1,0,62.0,80.0,0,0,0,1,0,0,0,0,1,1,0,0,1,1
830,831,1,0,15.0,14.4542,0,0,0,1,0,0,1,0,0,0,0,1,2,0
831,832,1,1,0.83,18.75,1,0,0,0,0,0,0,0,1,0,1,0,3,0
832,833,0,1,28.0,7.2292,0,0,1,0,0,0,1,0,0,0,0,1,1,1
833,834,0,1,23.0,7.8542,0,0,1,0,0,0,0,0,1,0,0,1,1,1
834,835,0,1,18.0,8.3,0,0,1,0,0,0,0,0,1,0,0,1,1,1
835,836,1,0,39.0,83.1583,0,1,0,0,0,0,1,0,0,1,0,0,3,0
836,837,0,1,21.0,8.6625,0,0,1,0,0,0,0,0,1,0,0,1,1,1
837,838,0,1,28.0,8.05,0,0,1,0,0,0,0,0,1,0,0,1,1,1
838,839,1,1,32.0,56.4958,0,0,1,0,0,0,0,0,1,0,0,1,1,1
839,840,1,1,28.0,29.7,0,0,1,0,0,0,1,0,0,1,0,0,1,1
840,841,0,1,20.0,7.925,0,0,1,0,0,0,0,0,1,0,0,1,1,1
841,842,0,1,16.0,10.5,0,0,1,0,0,0,0,0,1,0,1,0,1,1
842,843,1,0,30.0,31.0,0,1,0,0,0,0,1,0,0,1,0,0,1,1
843,844,0,1,34.5,6.4375,0,0,1,0,0,0,1,0,0,0,0,1,1,1
844,845,0,1,17.0,8.6625,0,0,1,0,0,0,0,0,1,0,0,1,1,1
845,846,0,1,42.0,7.55,0,0,1,0,0,0,0,0,1,0,0,1,1,1
846,847,0,1,28.0,69.55,0,0,1,0,0,0,0,0,1,0,0,1,11,0
847,848,0,1,35.0,7.8958,0,0,1,0,0,0,1,0,0,0,0,1,1,1
848,849,0,1,28.0,33.0,0,0,0,0,0,1,0,0,1,0,1,0,2,0
849,850,1,0,28.0,89.1042,0,0,0,1,0,0,1,0,0,1,0,0,2,0
850,851,0,1,4.0,31.275,1,0,0,0,0,0,0,0,1,0,0,1,7,0
851,852,0,1,74.0,7.775,0,0,1,0,0,0,0,0,1,0,0,1,1,1
852,853,0,0,9.0,15.2458,0,1,0,0,0,0,1,0,0,0,0,1,3,0
853,854,1,0,16.0,39.4,0,1,0,0,0,0,0,0,1,1,0,0,2,0
854,855,0,0,44.0,26.0,0,0,0,1,0,0,0,0,1,0,1,0,2,0
855,856,1,0,18.0,9.35,0,0,0,1,0,0,0,0,1,0,0,1,2,0
856,857,1,0,45.0,164.8667,0,0,0,1,0,0,0,0,1,1,0,0,3,0
857,858,1,1,51.0,26.55,0,0,1,0,0,0,0,0,1,1,0,0,1,1
858,859,1,0,24.0,19.2583,0,0,0,1,0,0,1,0,0,0,0,1,4,0
859,860,0,1,28.0,7.2292,0,0,1,0,0,0,1,0,0,0,0,1,1,1
860,861,0,1,41.0,14.1083,0,0,1,0,0,0,0,0,1,0,0,1,3,0
861,862,0,1,21.0,11.5,0,0,1,0,0,0,0,0,1,0,1,0,2,0
862,863,1,0,48.0,25.9292,0,0,0,1,0,0,0,0,1,1,0,0,1,1
863,864,0,0,28.0,69.55,0,1,0,0,0,0,0,0,1,0,0,1,11,0
864,865,0,1,24.0,13.0,0,0,1,0,0,0,0,0,1,0,1,0,1,1
865,866,1,0,42.0,13.0,0,0,0,1,0,0,0,0,1,0,1,0,1,1
866,867,1,0,27.0,13.8583,0,1,0,0,0,0,1,0,0,0,1,0,2,0
867,868,0,1,31.0,50.4958,0,0,1,0,0,0,0,0,1,1,0,0,1,1
868,869,0,1,28.0,9.5,0,0,1,0,0,0,0,0,1,0,0,1,1,1
869,870,1,1,4.0,11.1333,1,0,0,0,0,0,0,0,1,0,0,1,3,0
870,871,0,1,26.0,7.8958,0,0,1,0,0,0,0,0,1,0,0,1,1,1
871,872,1,0,47.0,52.5542,0,0,0,1,0,0,0,0,1,1,0,0,3,0
872,873,0,1,33.0,5.0,0,0,1,0,0,0,0,0,1,1,0,0,1,1
873,874,0,1,47.0,9.0,0,0,1,0,0,0,0,0,1,0,0,1,1,1
874,875,1,0,28.0,24.0,0,0,0,1,0,0,1,0,0,0,1,0,2,0
875,876,1,0,15.0,7.225,0,1,0,0,0,0,1,0,0,0,0,1,1,1
876,877,0,1,20.0,9.8458,0,0,1,0,0,0,0,0,1,0,0,1,1,1
877,878,0,1,19.0,7.8958,0,0,1,0,0,0,0,0,1,0,0,1,1,1
878,879,0,1,28.0,7.8958,0,0,1,0,0,0,0,0,1,0,0,1,1,1
879,880,1,0,56.0,83.1583,0,0,0,1,0,0,1,0,0,1,0,0,2,0
880,881,1,0,25.0,26.0,0,0,0,1,0,0,0,0,1,0,1,0,2,0
881,882,0,1,33.0,7.8958,0,0,1,0,0,0,0,0,1,0,0,1,1,1
882,883,0,0,22.0,10.5167,0,1,0,0,0,0,0,0,1,0,0,1,1,1
883,884,0,1,28.0,10.5,0,0,1,0,0,0,0,0,1,0,1,0,1,1
884,885,0,1,25.0,7.05,0,0,1,0,0,0,0,0,1,0,0,1,1,1
885,886,0,0,39.0,29.125,0,0,0,1,0,0,0,1,0,0,0,1,6,0
886,887,0,1,27.0,13.0,0,0,0,0,0,1,0,0,1,0,1,0,1,1
887,888,1,0,19.0,30.0,0,1,0,0,0,0,0,0,1,1,0,0,1,1
888,889,0,0,28.0,23.45,0,1,0,0,0,0,0,0,1,0,0,1,4,0
889,890,1,1,26.0,30.0,0,0,1,0,0,0,1,0,0,1,0,0,1,1
890,891,0,1,32.0,7.75,0,0,1,0,0,0,0,1,0,0,0,1,1,1
